codigo;descricao;unidade;peso_medio;estoque;preco
37282;ACEM EMCUBOS CGAMACIADA 1535BOI FORTE;KG;16,00;0;34,99
34901;ACEM EMCUBOS FRIGOSPOL;KG;10,00;0;35,99
37152;ACEM EMCUBOS 30X30MM ALFAMA6KG;KG;6,00;0;40,99
34903;ACEMEMISCASFRIGOSPOL;KG;10,00;0;35,99
37190;ARANHA DO ALCATRA CRUZEIRO DO SUL;KG;25,00;0;31,99
36859;BABYBEEF CG (MIOLO DE ALCATRA)MASTERBOI;KG;23,00;0;45,99
37322;BABYBEEF12472ESTANCIA92MATURADOCG;KG;15,00;0;50,99
36535;BIFE ANCHO CONGPUL SELECTIONMINERVA 1343/1283;KG;15,00;0;52,99
36861;BIFE ANCHO CG MASTERBOI;KG;14,90;0;52,99
37141;BIFE ANCHO CONG FRIGORACA;KG;14,90;0;52,99
32954;BIFE ANCHO 70111 BOA CARNECONG;KG;25,00;0;52,99
37142;BIFEDECHORIZOCONGFRIGORACA;KG;25,00;0;46,99
36346;BIFE DE CHORIZO MASTERBOI CONG 3460;KG;15,00;0;49,99
36473;BIFE DE CHORIZO MATURADO 12374 ESTANCIA92 CONG;KG;11,50;0;61,49
36528;BIFEDECHORIZOPULSELECTION9706 MINERVA CONG;KG;11,50;0;51,99
31807;BIFE DO VAZIO RIOMARIA 0428;KG;25,00;0;37,76
37320;BOMBOMDO ALCATRA 12469 ESTANCIA 92 MATURADOCG;KG;15,00;0;52,99
34188;BUCHO BOVINO CCRRX 17701;KG;20,00;0;15,99
26990;BUCHO BOVINO CONG. 22101 BOI BAIO;KG;20,00;0;15,99
34881;BUCHOCGBOIDOURADO;KG;25,00;0;15,99
29243;CAPA DE FILE18954VCMONTANA CG;KG;26,00;0;30,99
30908;CARNE BOVINA SECA DESFIADA 6KGALFAMA 00467;KG;6,00;0;62,99
36716;CARNEMOIDABOV008389KGALFAMA;KG;9,00;0;31,99
35458;CARNE MOIDACONG 28 /31022 COOPERBOI;KG;12,00;0;20,49
32427;CARNE MOIDAPATINHO 1307BOI FORTE 12KG;KG;12,00;0;20,99
27918;CARNE MOIDA1630702 TODA HORA 15KG;KG;15,00;0;29,99
34800;CARNE SECADESFIADA COSTELATA 12184;KG;10,00;0;63,49
36470;CONTRAFILEPORCIONADO62285PULMINERVACG;KG;14,00;0;44,46
36439;CONTRA FILE S/NOIXCONG 1347 PUL/MINERVA;KG;13,00;0;44,46
36292;CORACAO DA ALCATRA PUL (0098) CONG;KG;25,00;0;41,99
36203;CORDAODOFILEMIGNONCONGCRUZEIRODOSUL;KG;22,00;0;35,99
33664;CORDAO DOFILE MIGNON CONG PLENA311102;KG;22,00;0;35,99
33783;CORDAO DOFILE MIGNON RIOMARIA 0407;KG;22,00;0;35,99
36943;COSTELA BOV C/OEM CUBOS50X50 ALFAMA 6KG;KG;6,00;0;35,99
28601;COSTELA BOVINA DESFIADA ALFAMA6KG 0461;KG;6,00;0;62,99
34802;COSTELA BOVINA DESFIADA COSTELATA 12185;KG;10,00;0;62,99
36178;COSTELA DE RIPA CONGFRIGOBOM 10053;KG;21,00;0;24,99
27002;COSTELA DE RIPA 41502 PLENA;KG;22,00;0;22,49
32029;COSTELADERIPA58MULTBEEF;KG;23,00;0;22,49
31319;COSTELA JANELA OURO BOA CARNE 80018;KG;21,00;0;25,99
33330;COSTELA JANELA 20401 FRIGOBOM;KG;18,00;0;24,99
27946;COSTELAMINGAOUROBOACARNE;KG;20,00;0;26,99
36031;COSTELA MINGA PRECGRIIL 11753 FRIGOBOM;KG;25,00;0;24,99
33328;COSTELA MINGA 10049 FRIGOBOM;KG;25,00;0;24,99
32030;COSTELA MINGA 2165 MULT BEEF / BLACK BEEF;KG;23,00;0;24,99
27003;COSTELA RIPA NOVACUO VRJ PLENA 60502;KG;28,00;0;24,99
28719;CUPIM 3R/JR21562;KG;28,00;0;35,99
29187;CUPIM A ARGUS14136/14188 CONG;KG;25,00;0;41,99
27005;CUPIM A BOACARNE 40038;KG;22,00;0;37,12
33752;CUPIMBPUL/MINERVACONG(7530);KG;14,00;0;35,99
34120;CUPIM BOVINO DESFIADO CG6KG ALFAMA;KG;6,00;0;62,99
28314;CUPIM GRILL CONG 80024 BOA CARNESERIE OURO;KG;24,20;0;41,99
32673;CUPIM NOVILHO PRECOCE CONG70024BOA CARNE;KG;25,00;0;41,99
36996;ENTRECOTE INTEIROCG 12626 ESTANCIA92;KG;11,50;0;66,99
36475;ENTRECOTEMATURADOCONGELADO12311ESTANCIA9;KG;11,50;0;66,99
27675;FIGADO BOVINO BOA CARNE;KG;22,00;0;12,98
36863;FIGADO BOVINO MINERVA;KG;25,00;0;12,99
37122;FIGADOCONGBMBOI;KG;26,00;0;13,99
36942;FILE MIGNON EM CUBOS 20X20MM ALFAMA 6KG;KG;6,00;0;89,99
37143;FILE MIGNON 4/5 S/C CONG FRIGORACA;KG;14,00;0;82,99
35914;FILE MIGNON 5UPS/C 5028 FRIGORACA;KG;20,00;0;82,99
36894;FRALDINHA DO DIAFRAGMA CONG BARRAMANSA;KG;25,00;0;31,99
29275;FRALDINHADODIAFRAGMACONGBEAUVALLET;KG;20,00;0;31,99
37214;FRALDINHA DO DIAFRAGMA CONG BOIBRAS;KG;20,00;0;31,99
28059;FRALDINHA DO DIAFRAGMA CONG 7507 MATABOI;KG;26,00;0;29,99
32448;LAGARTORED3197MULTBEEF;KG;25,00;0;45,60
31128;LOMBINHOBOVINOBEAUVALLET6013;KG;25,00;0;31,99
28184;LOMBINHOBOVINOMATABOI CG7509;KG;25,00;0;31,99
37273;MOCOTOINTEIRO CRUZEIRO DO SUL;KG;18,00;0;15,99
36786;MOCOTOINTEIRO 16401 RRX;KG;25,00;0;15,99
37239;MOCOTOSERRADO MULTIMEAT;KG;11,50;0;16,99
29087;MOCOTOSERRADO 10KGCENTROESTE 0295;KG;10,00;0;16,99
36199;PATINHO ISCAS FRIGOSPOLCONG;KG;10,00;0;45,49
37284;PATINHOEMCUBOSCG1532BOIFORTE;KG;18,00;0;39,99
34905;PATINHO EM CUBOS FRIGOSPOL;KG;10,00;0;45,49
36812;PATINHO EM ISCAS JJ FOODS;KG;16,00;0;43,99
31237;PICANHAACONGVALÊNCIO30095;KG;16,00;0;64,99
32178;PICANHA A STEAKHOUSECONG;KG;15,00;0;78,66
36457;PICANHA A 50023 CONG BOA CARNE;KG;15,00;0;68,40
36472;PICANHA GRILL 12190 CONG ESTANCIA92;KG;11,50;0;107,99
35831;PICANHA GRILL 1998 VALENCIO 30090;KG;15,00;0;87,78
30338;PICANHAGRILL2609DIPRIMACONG;KG;12,00;0;87,99
36684;PICANHA GRILL 30091 VALENCIOCG;KG;15,00;0;87,78
37173;PICANHA 500001346 MINERVA;KG;21,00;0;57,00
29405;RABADABOVINA0403FRIALTO;KG;25,00;0;34,99
28312;RABADABOVINA 5001BOA CARNE;KG;16,00;0;34,99
35029;RABADACG MINERVA PUL1014;KG;29,00;0;34,99
28929;RABADASERRADA CENTROESTE10KG 1698;KG;10,00;0;38,19
37242;RABADASERRADA MULTIMEAT;KG;20,00;0;38,19
31735;ACEM GRANCARNES 2050;KG;25,00;0;31,99
33436;ACEM1001FRIBEV;KG;25,00;0;31,99
27828;ACEM 504 SAOFRANCISCO 002029;KG;25,50;0;31,99
28591;ALCATRA C/MAMINHA BOA CARNE40008;KG;23,00;0;37,99
30015;ALCATRAC/MAMINHARAMAX;KG;24,00;0;37,99
35198;ALCATRA C/MAMINHA 114PUL;KG;25,00;0;37,99
26981;ALCATRA COMPLETAOURO BOACARNE 80002;KG;25,00;0;41,79
26982;ARANHA 6232 MATABOI;KG;25,00;0;34,99
27586;BIFE ANCHO GRILL MAXXY8415;KG;15,00;0;46,99
28967;BIFEANCHO59879PULSELECTION;KG;15,20;0;47,99
28965;BIFE ANCHO 70013 BOA CARNEVCTO 290626;KG;25,00;0;42,99
36161;BIFE DE CHORIZO PUL SELECTION 1343RESF MINERVA;KG;14,00;0;51,04
27912;CAPADECOXAOMOLE1047BEAUVALLET;KG;22,00;0;34,69
26983;CAPA DE COXAO MOLE 6248 MATABOI;KG;22,00;0;34,69
33442;CAPA DE FILE1040 FRIBEV;KG;23,00;0;33,99
30093;CAPA DE FILE22037ASTRA;KG;24,00;0;33,99
32899;CONTRA FILE C/ NOIX VALENCIO;KG;28,00;0;42,49
37232;CONTRAFILEC/NOIX0628FRIGOMARCA;KG;25,00;0;42,49
26997;CONTRA FILE C/NOIX 3R 11224;KG;27,00;0;42,49
27643;CONTRA FILE S/ NOIX 320301 PLENA;KG;23,00;0;45,49
35136;CONTRAFILES/NOIXGRILLPULPRO051MINERVA;KG;15,00;0;50,99
27642;CONTRA FILE S/ NOIX GRILL 80005 BOACARNE;KG;24,90;0;48,99
37310;CONTRA FILE S/ NOIX GRILL 8427 DO CHEF;KG;24,90;0;50,99
29203;CONTRA FILE S/ NOIX 40043 BOACARNE;KG;24,90;0;45,49
36570;CONTRA FILE S/N.G PREC. FRIGOBOM11406//11688;KG;28,00;0;44,99
37265;CONTRAFILES/NOIX131504MONDELLI;KG;24,90;0;45,49
33446;CONTRA FILE 1050 C/NOIX FRIBEV;KG;26,00;0;42,49
33998;COXAODURO CRUZEIRO DO SUL;KG;25,00;0;37,99
29679;COXAODURORESFMASTERBOI;KG;25,50;0;38,35
30757;COXAODURO 201 PUL MINERVA;KG;20,00;0;37,99
29741;COXAOMOLEFRIGOMARCA5058;KG;24,90;0;38,99
35133;COXAOMOLE151 PUL MINERVA;KG;25,00;0;37,99
33201;COXAOMOLE2022 GRANCARNES;KG;25,00;0;38,99
34025;FILEDECOSTELAMONDELLI;KG;25,00;0;41,99
36936;FILE DE COSTELA PRECOCEGRILLFRIGOBOM;KG;25,00;0;43,99
36736;FILE DE COSTELA RESFGRANCARNES;KG;25,00;0;43,32
35399;FILEDECOSTELARESFPEDACOESTANCIA92;KG;20,00;0;65,99
33205;FILE MIGNON 4/5 S/C 2019 GRANCARNES;KG;15,00;0;82,99
27068;FILE MIGNON 4/5 S/C 40000 BOA CARNE;KG;15,00;0;82,99
30766;FILE MIGNON 5UPS/C PULPROMINERVA(4937);KG;12,00;0;82,99
27073;FRALDABOA CARNE 40004;KG;27,50;0;37,76
36896;FRALDAGRIILRESFGRANCARNES;KG;28,00;0;39,99
30938;FRALDAGRILLRAMAX 4810;KG;25,00;0;39,49
29117;FRALDA30060VALENCIO;KG;15,00;0;37,76
30296;FRALDA40058BOACARNE;KG;25,00;0;37,76
30401;FRALDAOOURO GRILL BOACARNE 80010;KG;24,90;0;41,49
33454;FRALDINHA DO TRASEIRO1100 FRIBEV;KG;25,10;0;35,99
30224;LAGARTOFRIGOMARCA;KG;25,00;0;34,99
30268;LAGARTORAMAX (3221);KG;25,00;0;34,99
36198;LAGARTORESF CRUZEIRO DO SUL 151211 VCTO280626;KG;22,00;0;34,99
35960;MAMINHA PULSELECTION 6610 MINERVA;KG;15,00;0;499,00
27094;MAMINHA 2500 MATABOI RESF;KG;26,00;0;41,49
33294;MIOLOALCATRA(CORAÇÃODAALCATRAGRILL)2005G;KG;25,00;0;38,48
34865;MIOLO DE ALCATRA MINERVA/PUL RESF 0101;KG;25,00;0;40,99
27097;MIOLO DE ALCATRA 2100 MATABOI;KG;23,00;0;39,99
30808;MUSCULODODIANTEIRORAMAXVCTO220626;KG;25,00;0;27,99
31991;MUSCULO DODIANTEIRORESF GRANCARNE2054;KG;25,00;0;28,99
32843;MUSCULO DODIANTEIRORESF VALENCIO;KG;25,00;0;29,99
31989;MUSCULO DOTRASEIRO RESFGRANCARNES 2024;KG;25,00;0;29,99
32870;MUSCULO DOTRASEIRO RESFVALENCIO 13792;KG;25,00;0;28,42
31737;PALETAS/ MUSCULOGRANCARNES2051;KG;22,00;0;33,49
34887;PALETA S/MUSCULO RESFRIADOBOI DOURADO;KG;26,00;0;33,49
33458;PALETA S/MUSCULO 1151 FRIBEV;KG;25,00;0;33,49
27105;PATINHOBOACARNE40034;KG;26,00;0;38,69
33085;PATINHO CRUZEIRO DO SUL;KG;25,00;0;36,99
29814;PATINHO FRIGOMARCA;KG;25,00;0;36,99
37208;PATINHO PORCIONADO RESFBOIBRAS;KG;26,00;0;36,99
37206;PATINHO RESFBOIBRAS;KG;25,00;0;36,99
36562;PEITOBOVINOFRIGOMARCA;KG;25,00;0;31,99
31739;PEITO BOVINO GRANCARNES;KG;20,00;0;31,86
35297;PICANHA A RAMAX 050277/3226;KG;15,00;0;59,99
28362;PICANHAA40012BOACARNE;KG;15,00;0;61,99
31024;PICANHA B RAMAX;KG;25,00;0;51,99
28027;PICANHA FATIADA BOA CARNE 40023;KG;25,00;0;38,94
36754;PICANHA GRILL PRECOCEGRILLRESF FRIGOBOM 11459;KG;8,50;0;82,99
30344;PICANHA GRILL 2608 DI PRIMA MATABOI;KG;14,11;0;78,99
33815;ASA DE FRANGOFLAMBOIA 20KG;KG;20,00;0;12,99
37271;ASADEFRANGO20KGKORISCO;KG;20,00;0;12,99
30216;CORACAO DE FRANGO CG SEARA 18KG;KG;18,00;0;499,00
37179;CORACAO DE FRANGO KORISKO20KG;KG;20,00;0;29,99
36503;COXAC/SOBRECOXACONFINA18KG;KG;18,00;0;7,99
33672;COXAC/ SOBRECOXAINDIV. SEARA15KG;KG;15,00;0;8,49
26934;COXASOLTEIRA ITABOM 20KG (0043);KG;20,00;0;7,99
35752;COXASOLTEIRA VILLA 20 KG;KG;20,00;0;7,99
26935;COXINHA DA ASA GUIBON18KG (0135);KG;18,00;0;9,99
37154;COXINHADAASAKORISCO20KG;KG;20,00;0;9,75
31113;COXINHA DA ASA LEVO PCT20KG (6430);KG;20,00;0;9,49
26937;FILE DE COXA E SOB INDITABOM20KG;KG;20,00;0;13,49
29785;FILEDEPEITOC/SASSAMIINDJUSSARA20KG;KG;20,00;0;13,48
28811;FILE DE PEITO MEIO S/S IND. JAGUA 20KG;KG;20,00;0;14,99
30575;FILE DE PEITO S/S IND.LEVO 20KGCG (2828);KG;20,00;0;14,29
36000;FILE DE PEITO S/S MEIO FILE PIONEIRO 20 KG;KG;20,00;0;14,29
37160;FRANGO A PASSARINHO CANCAO 10KG;KG;10,00;0;9,99
28699;FRANGOAPASSARINHOFLAMBOIA20KG(0092);KG;20,00;0;9,99
33269;FRANGO INTEIRO VILLA 20KG;KG;20,00;0;8,49
36720;FRANGO S/ MIUDOS TEMPAGOSTO 20 KG;KG;20,00;0;9,99
28733;FRANGOS/MIUDOS1.3A1.5ITABOM-PESO;KG;18,00;0;12,99
37105;GALINHA KORISCO 20 KG;KG;20,00;0;6,69
28374;MEIO DA ASA ITABOM 20KG;KG;20,00;0;19,49
37132;MEIO DA ASA (TULIPA) KORISKO20KG;KG;20,00;0;19,49
30431;MOELA DE FRANGO ITABOM 18KG CG;KG;18,00;0;14,49
37216;MOELADEFRANGOSOMAVE20KGCG;KG;18,00;0;14,69
37332;PEITO C/OSSO 20KGKORISCOCG;KG;20,00;0;9,49
36928;PEITO DE FRANGO CUBOS20X20MMALFAMA 6KG;KG;6,00;0;19,99
32564;PEITODEFRANGODESFIADO6KGALFAMA0443;KG;6,00;0;31,47
35938;RECORTE DE PEITO18 KG EL GOLLI;KG;18,00;0;13,02
37107;SASSAMI KORISCO 20KG;KG;20,00;0;14,29
29021;SASSAMI PCT20KG ITABOM;KG;20,00;0;14,64
26964;SOBRECOXA IND ITABOM 20KG CG;KG;20,00;0;10,19
31834;SOBRECOXAINDLEVO20KGCG;KG;20,00;0;9,29
37269;SOBRECOXA 20KG KORISCO;KG;20,00;0;9,99
30650;CHICKEN EMPANITOS FRANGOLAR 4X1.5KG 6KG;KG;6,00;0;15,99
26858;CHICKEN FRANGO 10210 X 1 BAITA 10KG;KG;10,00;0;15,99
28274;FILEZINHOEMPANADOLAR6KG;KG;6,00;0;23,99
26942;FILEZINHO EMPANADO098 - 10X 1KG 10KG BAITA;KG;10,00;0;23,99
33942;STEAK DE FRANGO 9 X1BAITA 595;KG;9,00;0;15,99
27561;ALHO EM DENTE CONG. TAJA 1.02KG;KG;1,02;0;15,47
36827;ANEL DE CEBOLA CG 10X1,1 KG TAJA FOODS;KG;11,00;0;18,99
30243;ANEL DE CEBOLA EX.CROCANTE G.FOODS 10X1,05;KG;10,50;0;19,59
30791;ANELDECEBOLA6X1,05 6,3KGBEMBRASIL-04426;KG;6,30;0;17,99
32381;BROCOLIS CUBIS BUONOGEL12KG;KG;12,00;0;6,59
37248;BROCOLIS FLORETE CG 10KG BOM APETITE;KG;10,00;0;8,99
27950;COUVEFLORARRICO10KG(1174);KG;10,00;0;9,33
37067;COUVE FLOR FLORETE BUONOGEL 10KG CG;KG;10,00;0;8,29
31499;COUVE FLOR FLORETE CG 10KGNUTRIZ;KG;10,00;0;10,89
37334;ERVILHA CG 4X2,5KG NUTRIZ;KG;10,00;0;13,86
26873;ESPINAFRE FOLHA BUONOGEL 4X2,5KG 10KG;KG;10,00;0;13,89
26874;ESPINAFREPICADOBUONOGEL10KG;KG;10,00;0;11,79
26876;JARDINEIRA BUONOGEL 10KG;KG;10,00;0;10,59
34096;JARDINEIRA PANACHE NUTRIZ 10 KG;KG;10,00;0;10,69
32638;MANDIOCAESPECIALBUONOGEL11KG;KG;11,00;0;13,19
30506;MANDIOCAPRE COZIDA BTM CONG12 KG (160924);KG;12,00;0;9,79
26368;MANDIOCATOLETEMATHEUS 10KG;KG;10,00;0;16,50
26880;MILHO DOCE EM GRAOS 4 X 2,5KG BUONOGEL10KG;KG;10,00;0;11,79
26881;PANACHEBUONOGEL 12KG;KG;12,00;0;10,89
35639;POLENTAPALITOBEMBRASIL10,5KG;KG;10,50;0;9,19
26882;POLENTA PALITO PRONTINHA10KG (54010003);KG;10,00;0;10,49
35919;POLENTA PALITO TAJA 12X1.01KG 12 KG;KG;12,00;0;5,85
26884;POLENTATOLETEPRONTINHA12KG(54020001);KG;12,00;0;10,69
28393;QUIABO BUONOGEL 10KG;KG;10,00;0;14,09
26883;SALADA RUSSA BUONOGEL 10KG;KG;10,00;0;11,09
26885;SELETA MIX BUONOGEL10KG;KG;10,00;0;11,59
26886;VAGEM CORTADABUONOGEL 10KG;KG;10,00;0;16,19
33191;CARRE DE CORDEIRO PATAGONIA;KG;16,00;0;64,99
35024;COSTELA DECORDEIROC/OSSOMONTECARLO;KG;20,00;0;35,99
36272;PALETA DE CORDEIRO ESTANCIA92;KG;7,00;0;62,99
32407;PALETA DE CORDEIRO MONTE CARLO;KG;15,00;0;62,99
36141;PERNIL DE COORDEIRO C/OSSO FAT TEMPERADO FLAVO;KG;23,00;0;57,99
37036;PERNIL DE CORDEIRO C/OSSO CGSERTAO CORDEIRO;KG;21,00;0;57,99
33130;T-BONE CORDEIROMONTECARLO;KG;18,00;0;57,99
34223;T-BONEDECORDEIROPATAGONIA;KG;25,00;0;54,99
27259;ALMONDEGABRASA9X1KG;KG;9,00;0;20,49
37099;HAMBUGUER COSTELA BOV 22X360G FRIGOBOM;KG;7,92;0;54,99
34943;HAMBURGUER ANGUS 16X200 GBRASA;KG;3,20;0;40,99
37257;HAMBURGUERANGUSS/TEMPERO 20X150 BRASA;KG;3,00;0;34,99
36956;HAMBURGUER BOVINO 36X90GBOV GRILL;KG;3,24;0;20,99
27260;HAMBURGUER 30 X 120GR PICANHABRASA;KG;3,60;0;20,49
27262;HAMBURGUER 36 X 56GR BRASA;KG;2,02;0;19,49
27263;HAMBURGUER 36 X 90G BRASA;KG;3,24;0;19,49
34110;KIBEBRASA9X1KG;KG;9,00;0;20,49
29059;SALSICHAHOTDOGPERDIGAO20KG;KG;20,00;0;11,49
30166;SALSICHAHOTDOG SADIA 12KG;KG;12,00;0;10,49
27265;SALSICHAHOTDOG 6 X 3KG GUIBON 18KG (9110);KG;18,00;0;6,99
27267;SALSICHASEARA4X5KG20KG(572462);KG;20,00;0;8,49
26895;LINGUIÇA SUÍNACONGELADAAPIMENTADAGROSSACU;KG;10,00;0;22,49
29717;LINGUIÇAAPERITIVO FINA APIMENTADA CUENCA;KG;10,00;0;23,49
36817;LINGUICADEFRANGO GROSSA 15KGLAR;KG;15,00;0;13,49
26909;LINGUICANANICA1071 FRIELLA 10KG;KG;10,00;0;16,99
33342;LINGUIÇASUINACHURRASCO FRIELLA 20KG 1434;KG;20,00;0;12,69
28133;LINGUICASUINA(CHURRASCO)84220SEARA20KG;KG;20,00;0;17,99
26911;LINGUICASUINANOBRE 10KG (13396);KG;10,00;0;16,29
29070;LINGUICATOSCANA NA BRASA PERDIGAO 4 X5KG;KG;20,00;0;18,39
33351;LINGUICATOSCANAAURORA PCT5KGS;KG;5,00;0;22,49
26918;LINGUICATOSCANA AURORA25KG (6311);KG;25,00;0;20,99
26919;LINGUICATOSCANA SADIA15KG;KG;15,00;0;16,29
35513;LINGUICATOSCANA SEARA 5KG (CX 20KG);KG;20,00;0;18,60
26916;LINGUICATOSCANA 1072 FRIELLA;KG;10,00;0;13,89
27889;BATATA CANOA MCAAIN 6 X2,5KG 15KG (04001);KG;15,00;0;19,69
27585;BATATA CRINCKLE MCCAIN 12,5KG;KG;12,50;0;14,19
30634;BATATA CRINKLE BEM BRASIL 03748/04159 6X2KG 12KG;KG;12,00;0;14,19
34893;BATATACRINKLESIMPLOT6X2,2713,62KG;KG;13,62;0;15,77
34891;BATATA LATTICE SIMPLOT 6X2KG 12KG (60000124);KG;12,00;0;5,99
33621;BATATA NOISETTES BEM BRASIL10X1.05KG;KG;10,50;0;9,19
30632;BATATARUSTICABEMBRASIL03660-4158-6X2,5KG15K;KG;15,00;0;14,64
32323;BATATA RUSTICA SIMPLOT7X214 KG (10000281);KG;14,00;0;499,00
35299;BATATA SIDEWINDERS FRIES SIMPLOT 6X1,5KG9KG (100;KG;9,00;0;17,49
26888;BATATA 10MM COOLMIND 15KG (10000244);KG;15,00;0;11,79
26891;BATATA 10MM SIMPLOT EX CRUNCH15KG (10000246);KG;15,00;0;16,13
34556;BATATA10MMSIMPLOT6X2,5KG15KG0243;KG;15,00;0;14,00
30630;BATATA 7MMFAST FOOD BEM BRASIL 03611 - 03935 6X2K;KG;12,00;0;13,64
32847;BATATA 7MMFAST FOOD MCCAIN - 18KG;KG;18,00;0;13,35
28399;BATATA7MMSIMPLOTEXCRUNCH6X2,5KG15KG(10000;KG;15,00;0;16,69
32307;BATATA 7MMSIMPLOT 8X2,25KG 18KG;KG;18,00;0;14,44
26898;BATATA 7MMSURECRISP 8X2,25KG18KG (007411);KG;18,00;0;16,78
28875;BATATA 9MMBEMBRASIL MAIS BATATA (03661) 7X2 14KG;KG;14,00;0;10,99
33910;BATATA 9MMCOOLMIND CRISTAL14KG 7X2;KG;14,00;0;9,65
26901;BATATA9MMMCCAINTRADICIONAL15KG(11109);KG;15,00;0;13,67
28868;BATATA 9MMONEFRY MCCAIN 15KG ( 002300);KG;15,00;0;10,60
36269;BATATA 9MMSKINON 5X2,5KGSIMPLOT;KG;12,50;0;12,32
26903;BATATA9MMSURECRISPMCCAIN15KG(007407);KG;15,00;0;15,69
30091;BATATA 9MMUAI BEM BRASIL (03693) 7X2 14KG;KG;14,00;0;9,29
37185;CACAO AZULEM POSTA GRAVITA15KG;KG;15,00;0;32,49
37238;CACAO LOMBO JUNTIAN20KG;KG;18,00;0;34,99
37338;CACAOPOSTAIQF15KGBLUESEA;KG;15,00;0;29,99
34889;CACAO POSTA S/PELEIQF 10KG SHUENN;KG;10,00;0;32,49
28417;CAMARAO 7 BARBAS DESCASCADO 16KG;KG;16,00;0;30,99
31484;FILE DE MERLUZAINT FRIGOSUR 21KG;KG;21,00;0;26,99
27285;FILE DE MERLUZAINT PLANALTO21KG;KG;21,00;0;28,99
33980;FILE DE MERLUZAINT TRADARSA 21KG;KG;21,00;0;28,99
30346;FILEDEMERLUZAO INTASUDEPES200UP10KG;KG;10,00;0;29,99
37340;FILE DE PANGAPREMIUM INT 10KG PACIFIC COAST;KG;10,00;0;23,99
37300;FILE DE PANGAS/PELE 10KGPUL MINERVA;KG;10,00;0;24,99
31855;FILEDEPOLACAIQFDALIANSHENGJIE10KG;KG;10,00;0;25,99
37302;FILE DE SALMAOC/PELE 1500 UP 15 KG AYSEN COHO;KG;15,00;0;68,99
37306;FILE DE SALMAOC/PELE 2000UP 16 KG AYSENCOHO;KG;16,00;0;68,99
37292;FILE DE SALMAO1.0A1.5CHILENO;KG;13,00;0;68,99
36659;FILE DE TILAPIAIMP IQF 140G UP CX10KG PLANALTO;KG;10,00;0;40,48
37091;FILEDETILAPIAS/PELECG10KGGODACO;KG;10,00;0;40,99
28167;KANI KAMA PLANALTO 10KG;KG;10,00;0;22,49
30646;POLACADESF SALG BACALHAU JETFISH 10KG;KG;10,00;0;36,58
36661;POLACADESFSALGTP BACALHAU2X5TAIHONGGROUP;KG;10,00;0;40,00
27115;BARRIGASUINAFRIELLAC/PELECG;KG;21,00;0;20,99
29380;BARRIGA SUINA 625701 SEARA;KG;20,00;0;20,49
36922;BISTECASUINA CONG C/OSSO FRIVATTI;KG;11,00;0;15,99
26364;BISTECASUINAFRIELLA 5KG;KG;5,00;0;14,88
30861;CARRE SUINO 996845 SEARA;KG;22,00;0;13,39
27929;COPALOMBO(SOBREPALETA)MYPORK5136;KG;22,00;0;16,59
28852;COSTELINHASERRADA MY PORK;KG;35,00;0;19,28
27948;COSTELINHASUINAINTEIRAMY PORK5064;KG;20,00;0;19,99
29594;COSTELINHASUINAINTEIRAPLUS5128RAINHA;KG;20,00;0;19,84
37267;COSTELINHASUINASERRADA LAR;KG;18,00;0;20,74
33891;FILEZINHO SUINO ADEEL4040017;KG;20,00;0;18,48
30516;FILEZINHO SUINO SEARA18KG;KG;18,00;0;19,22
27137;LOMBO SUINOADEEL;KG;20,00;0;18,60
30783;LOMBOSUINOPORCIONADOSEARA20KG999362;KG;20,00;0;19,22
26365;PALETA SUINA S/OSSO S/PELE FRIELLA 1014;KG;25,00;0;15,50
36867;PERNIL C/OSSO C/PELE GRAN CORTE;KG;20,00;0;14,26
27221;PERNILC/OSSOC/PELEFRIELLAPESO;KG;20,00;0;12,49
27223;PERNIL S/OSSO S/PELE FRIELLA - PESO;KG;20,00;0;14,49
28286;PERNIL S/OSSO S/PELE MY PORK 5114;KG;27,00;0;14,49
29143;PERNIL SUINO DESFIADO ALFAMA 6KG (00447);KG;6,00;0;34,99
29391;PERNIL SUINO S/OSSO ESTRELA;KG;23,00;0;13,99
29662;PICANHASUINATEMPERADAFRIELLA;KG;13,00;0;24,80
28358;TOUCINHOLOMBAR C/PELE FRIELLA 1011;KG;18,00;0;16,74
30653;TOUCINHOLOMBAR C/PELE RAINHA;KG;25,50;0;16,19
32486;TOUCINHOLOMBARMYPORK;KG;20,00;0;14,03
28942;TOUCINHOS EMPEDACOS FRIVATTI 4549;KG;12,00;0;18,10
37261;TOUCINHOS LOMBAR EM TIRAS CUENCA;KG;10,00;0;16,47
27147;QUEIJO MUSSARELA - FATIADO ROHDEN;KG;1,00;0;44,08
32223;QUEIJO MUSSARELA - FATIADO 4KG COYOTE;KG;4,00;0;42,98
33839;QUEIJO MUSSARELA ALTODO VALE 4KG;KG;4,00;0;33,82
30199;QUEIJOMUSSARELABONISSIMO4KG;KG;4,00;0;35,96
37249;QUEIJO MUSSARELA CEREJINHA PEZZOLINI 360GR;UN;0,36;0;21,79
28763;QUEIJO MUSSARELA CLASSICA;KG;4,20;0;35,96
27149;QUEIJOMUSSARELACOYOTE4KG;KG;4,00;0;37,12
34783;QUEIJO MUSSARELA DA VACA4KG;KG;4,00;0;42,92
29975;QUEIJO MUSSARELA DIFRATELLI4KG;KG;4,00;0;33,84
33582;QUEIJO MUSSARELA FATIADO2,2KG MANDAKA;KG;2,20;0;38,39
33160;QUEIJO MUSSARELA ITALAC4KG;KG;4,00;0;39,45
35940;QUEIJOMUSSARELAJUQUEI;KG;4,20;0;35,96
36930;QUEIJO MUSSARELA LA PAULINA 3,5KG;KG;3,50;0;39,03
28018;QUEIJO MUSSARELA LACMON 4KG;KG;4,00;0;44,08
33417;QUEIJOMUSSARELALACTOBEL4KG;KG;4,00;0;35,96
27840;QUEIJO MUSSARELA LITORAL4KG;KG;4,20;0;36,54
28764;QUEIJO MUSSARELA PILOTO;KG;4,20;0;37,12
33837;QUEIJO MUSSARELA SANTA MARIA4KG;KG;4,00;0;32,65
28008;QUEIJO MUSSARELA SCALA 4KG;KG;4,00;0;45,99
33585;QUEIJOMUSSARELASUDOESTE4KG;KG;4,00;0;35,96
27156;QUEIJO MUSSARELA TIROLEZ;KG;4,00;0;41,89
27159;QUEIJO PRATOAPOLLO 3,6KG;KG;3,60;0;39,43
36565;QUEIJOPRATOCRISTAL3KG;KG;3,00;0;34,39
33161;QUEIJO PRATOPC3KG ITALAC;KG;3,10;0;42,92
28039;QUEIJO PRATOTIROLEZ 3,6KG;KG;3,60;0;42,92
36908;QUEIJO TIPO MUSSARELA FATIADOSCHREIBER 2,27KG;UN;2,27;0;33,69
27076;APRESUNTADO AURORA PC 3,7KG;KG;3,70;0;20,49
31840;APRESUNTADO COZ RETANGULAR REZENDEDE;KG;3,50;0;18,49
34678;APRESUNTADOPEPERI520/2121NOBREPC;KG;3,70;0;17,49
31859;APRESUNTADO PERDIGAO 3,5KG;KG;3,50;0;20,12
29063;MORTADELA DEFUMADA OUROPERDIGAO;KG;4,00;0;21,49
36819;MORTADELA DEFUMADASEARAGOURMET;KG;4,00;0;16,79
28420;PEITO DE PERU PECA REZENDESEARA;KG;2,60;0;49,59
27140;PRESUNTOCOZMAGRO AURORA;KG;3,50;0;26,49
32252;PRESUNTOCOZMAGRO OVAL PERDIGAO;KG;3,40;0;21,99
31838;PRESUNTOCOZMAGRO REZENDE OVAL;KG;3,50;0;19,99
32340;PRESUNTOCOZRETANGULAR SEARA;KG;3,50;0;22,98
27127;MANTEIGACOMUMS/SALBLOCOCOYOTE;CX;5,00;0;184,45
27130;MANTEIGA COMUM S/SAL BLOCO SCALA;CX;5,00;0;159,69
28194;MANTEIGA EXTRA S/SAL IPANEMA 5KG;UN;5,00;0;169,58
35472;MANTEIGAEXTRAS/SALQUATRELATI5KG;UN;5,00;0;155,99
33920;MARGARINA VEG CREMOSA C/SAL DORIANA 12X1KG;CX;12,00;0;132,66
30164;MARGARINA VEG.CREMOSA C/SAL QUALY 6X1 KG;CX;6,00;0;84,62
29212;MARGARINA CREMOSA C/SAL DORIANA 12X 500GR;CX;6,00;0;82,59
28196;MARGARINA UGS/SAL 80% 1.01KGAMELIA;BD;1,01;0;16,51
27964;CREAM CHEESE DANUBIO BLISTER 144X 18G;UN;25,00;0;145,67
27132;MANTEIGAEXTRAC/SVIGOR192X10GR;UN;1,00;0;115,55
32207;MANTEIGA EXTRA S/ S VIGOR 192X10GR;UN;1,00;0;115,55
33874;MARGARINA C/SAL SACHE144 X10GR BOMSABOR;CX;1,92;0;55,09
33849;MARGARINAS/SALSACHE144X10GRBOMSABOR;CX;1,92;0;55,09
36339;REQUEIJAOCREMOSOVIGOR 144X18G;UN;2,59;0;155,78
29417;CREAM CHEESE1,0KG DANUBIO;UN;1,00;0;33,02
36602;CREAM CHEESE1,02KG SCALON;UN;1,02;0;30,70
27667;CREAM CHEESE1,2KG CATUPIRY;UN;1,20;0;42,04
27361;REQUEIJAOCREMOSODANUBIOBISNAGA 1,01 KG;UN;1,00;0;34,99
27359;REQUEIJAOCREMOSO1,5KG CATUPIRY;UN;1,50;0;59,99
34950;REQUEIJAOCREMOSO1,5KG IPANEMA;UN;1,50;0;38,99
31695;REQUEIJAOCREMOSO1,5KGQUATA;UN;1,50;0;40,71
31925;REQUEIJAOCREMOSO1,5KG TIROLEZ;UN;1,50;0;45,99
29866;REQUEIJAO1,5KGC/ AMIDOCORONATA BISNAGAC/10;UN;1,50;0;499,00
27244;REQUEIJAO1,5KGCREMOSOSCALABISNAGA;UN;1,50;0;46,99
27247;REQUEIJAO1,5KGCREMOSOSCALON;UN;1,50;0;42,99
27249;REQUEIJAO1,8KGC/ AMIDOTOP MILKBISNAGA;UN;1,80;0;12,61
27256;REQUEIJAO1,8KGC/ AMIDOVALE PARDOBISNAGA;UN;1,80;0;10,35
27358;REQUEIJAO3,6KG CREMOSO SCALABALDE;BD;3,60;0;113,39
27146;QUEIJO MONTANHESSCALA;KG;6,45;0;70,99
31691;QUEIJOPARMESAOCAPAPRETA6MESESMATURACAOQ;KG;5,60;0;82,99
30987;QUEIJO PARMESAO SCALA6KG 6 MESES MATURACAO;KG;6,00;0;70,99
35053;QUEIJO PARMESAO/TROPICAL PÇ SAFIRA;KG;6,00;0;40,99
27157;QUEIJOPARMESAO/TROPICAL PECANOVASAFRA;KG;6,00;0;41,99
31967;QUEIJO PARMESAO 1/4 SCALA1,35KG;KG;1,40;0;73,09
33320;QUEIJO PARMESAO 6 MESES MATURACAO PECA IPANEM;KG;5,60;0;62,19
31689;QUEIJO PARMESAO 6 MESES MATURACAO PECA QUATA;KG;5,60;0;64,99
32046;QUEIJO RALADOPARM. GROSSON. SAFRA;UN;1,00;0;36,99
27240;QUEIJORALADOPARM.GROSSO5MMRJR;UN;1,00;0;33,99
27237;QUEIJO RALADOPARM. MEDIO N. SAFRA;UN;1,00;0;36,99
27242;QUEIJO RALADOPARM. MEDIO 3MM RJR;UN;1,00;0;33,99
30985;QUEIJORALADOPARMESAO500GRPCTSCALA;UN;0,50;0;37,29
32782;CHEDDARBISNAGA1,010KGCATUPIRY;UN;1,01;0;46,90
36108;CHEDDAR BISNAGA1,02 KG SCALON;UN;1,02;0;32,99
32752;CHEDDAR BISNAGA1,5KGSCHEIREBER;UN;1,50;0;33,93
29233;CHEDDAR BISNAGA1,5KGVIGOR;UN;1,50;0;52,94
31961;CHEDDAR BISNAGA1,5KG SCALA;UN;1,00;0;52,89
29580;CHEDDARC/AMIDO1,2KGTOPCHEDDARBISNAGA;UN;1,00;0;10,47
28603;CHEDDAR FATIADO2,240 KG VIGOR;UN;2,24;0;95,54
32754;CHEDDAR FATIADO2,270 KG SCHEIREBER;UN;2,27;0;82,32
31687;QUEIJO GORGONZOLAQUATA 3KG;KG;3,00;0;58,95
36682;QUEIJO MATURADO C/MOFO AZUL PC 3 KG SCALA;KG;3,00;0;77,39
36680;QUEIJO MINAS MEIACURAPC1KGSCALA;UN;1,00;0;60,29
36678;QUEIJOMINASPADRÃOPECA1KGSCALA;KG;1,00;0;55,99
35993;QUEIJO PROVOLONE CRISTAL 5KG;KG;5,00;0;38,28
31681;QUEIJO PROVOLONE QUATA 5KG;KG;5,00;0;47,54
31971;QUEIJOPROVOLONESCALA5KG;KG;5,00;0;62,79
31700;CREMEDE LEITEFRESCOPASTEU.QUATA 1,01L;UN;12,12;0;32,49
28726;QUEIJO COALHO ESPETO IPANEMA;KG;7,20;0;57,71
33688;QUEIJO COALHO ESPETO 1058 20X300GR QUATA;KG;6,00;0;67,49
27144;QUEIJO COALHO PECA IPANEMA;KG;1,00;0;48,32
36582;QUEIJO COALHO PECA SCALA;KG;2,00;0;51,99
31683;QUEIJOCOALHOPECA7KGQUATA;KG;7,00;0;60,92
26822;AMORAFRUTA1.02KGRICAELI;KG;1,02;0;24,99
36598;FRAMBOESA FRUTA SWEETBERRY 1,02 KG;KG;1,02;0;59,99
28343;MORANGOFRUTA 1,02KG RICAELLI;KG;1,02;0;20,99
36537;MORANGOFRUTA1,02KGNEWBERRY;KG;1,02;0;11,99
26828;POLPAABACAXI C/ HORTELA 1KG RICAELLI;KG;1,00;0;24,49
26826;POLPAABACAXI 1KG RICAELLI;KG;1,00;0;22,49
26833;POLPAACEROLA C/ LARANJA 1KG RICAELI;KG;1,00;0;24,00
26832;POLPAACEROLA 1KGRICAELI;KG;1,00;0;18,29
26836;POLPACAJA1KGRICAELI;KG;1,00;0;23,80
26837;POLPACAJU 1KG RICAELI;KG;1,00;0;20,49
26821;POLPACUPUACU RICAELLI;KG;1,00;0;26,99
26825;POLPAFRUTASVERMELHASRICAELI1KG;KG;1,00;0;29,99
26827;POLPAGOIABA 1KG RICAELI;KG;1,00;0;19,49
26829;POLPAGRAVIOLA RICAELI 1KG;KG;1,00;0;24,99
26831;POLPAMANGA1KG RICAELI;KG;1,00;0;19,49
26834;POLPAMARACUJA 1KGRICAELI;KG;1,00;0;26,99
26840;POLPAPESSEGO1KGRICAELI;KG;1,00;0;21,99
26842;POLPAUVA 1KG RICAELI;KG;1,00;0;22,99
34543;ARROZ ARBORIO 1KG DON RAVELLO;UN;1,00;0;22,69
27672;FEIJAOBRANCO 1KG PQ;UN;1,00;0;20,35
26526;GRAO DE BICO 1KGPQ;UN;1,00;0;12,73
26701;LENTILHA1KG PQ;UN;1,00;0;20,49
34517;MASSA FARFALLE RIGATE LA MOLISANA500GR;UN;0,50;0;10,99
34521;MASSALINGUINELAMOLISANA500GR;UN;0,50;0;10,99
34511;MASSA RIGATONI LA MOLISANA500GR;UN;0,50;0;10,99
35072;MASSA SPAGHETTII LA MOLISANA500GR;UN;0,50;0;10,99
34515;MASSATAGLIATELENINHOLAMOLISANA500GR;UN;0,50;0;14,59
26340;ACUCAR SACHEPREMIUM 1000 X 5G UNIAO;CX;5,00;0;41,99
26818;BICARBONATODESODIO 1KGPQ;UN;1,00;0;9,49
26780;SAL SACHE 2000X 8G BOM SABOR;CX;1,60;0;29,88
36737;SALSACHE2000X8GGLOBO;CX;1,60;0;24,99
26804;ALCAPARRAPORTOBELLO2KG;BD;2,00;0;88,33
35058;ALCAPARRA YGUARA 2KG;BD;2,00;0;86,25
34965;ATUM COQUEIROEM PEDACOS 480GRS;UN;1,00;0;29,99
34963;ATUM COQUEIRORALADO EM OLEO 480G;UN;1,00;0;22,20
35125;ATUM GOMES DA COSTA EM PEDACOS POUCH 1KG;UN;1,00;0;65,25
35115;ATUMGOMESDACOSTAEMPEDACOSPOUCH500GRS;UN;0,50;0;34,69
35117;ATUM GOMES DA COSTA RALADO POUCH 500GRS;UN;0,50;0;25,99
35129;ATUM GOMES DA COSTA SOLIDO 24X170GRS;CX;4,08;0;273,42
26687;AZEITONAPRETA FATIADA PORTOBELLO 2KG;BD;2,00;0;95,49
32014;AZEITONAPRETAFATIADASRCUCAPORTOBELLO2KG;BD;2,00;0;77,79
33134;AZEITONAPRETA INT 16/20SRCUCAPORTO BELLO2KG;BD;2,00;0;63,49
33131;AZEITONAPRETA INT 20/24PORTO BELLO2KG;BD;2,00;0;72,69
34294;AZEITONAPRETASEMCAROCOPORTOBELLO2KG;BD;2,00;0;92,49
32017;AZEITONAPRETA SEM CAROCO SECUCAPORTOBELLO 2;BD;2,00;0;81,19
28202;AZEITONAVERDE FATIADA PORTOBELLO 2KG;BD;2,00;0;61,59
32019;AZEITONAVERDE FATIADA SR CUCA PORTOBELLO 2KG;BD;2,00;0;52,79
33137;AZEITONAVERDE INT 16/20 PORTOBELLO 2KG;BD;2,00;0;53,45
33138;AZEITONAVERDEINT16/20SRCUCAPORTOBELLO2KG;BD;2,00;0;47,05
33135;AZEITONAVERDE INT 20/24 PORTOBELLO 2KG;BD;2,00;0;51,35
28921;AZEITONAVERDE S/CAROCO PORTOBELLO 2KG;BD;2,00;0;66,19
32021;AZEITONAVERDES/CAROCOSRCUCAPORTOBELLO2KG;BD;2,00;0;60,79
26852;CEBOLINHA CRISTAL 2KG PORTOBELLO;BD;2,00;0;52,25
34530;CHICHARRORALADO EM OLEO COMESTIVEL 410G;UN;1,00;0;15,60
27760;COGUMELO FATIADO ESPECIAL PORTOBELLO2KG;BD;2,00;0;67,24
26380;COGUMELO FATIADO SR CUCA PORTOBELLO2KG;BD;2,00;0;44,09
35085;COGUMELOFATIADOYGUARA2KG;BD;2,00;0;57,38
26381;COGUMELO INTEIROPORTOBELLO 2KG;BD;2,00;0;67,29
29487;ERVILHA LATA 1,7KG QUERO;UN;1,70;0;15,99
28302;MILHOLATA1,7KGQUERO;UN;1,70;0;19,99
37251;MILHO LATA 24X170GRS QUERO;CX;4,08;0;88,36
26742;PALMITO INTEIRO NEOFOODS 1,8KG;UN;1,80;0;78,00
27163;PALMITO INTEIRO OURODO VALE 1,8KG;UN;1,80;0;77,99
26743;PALMITO PICADO NEOFOODS1,8KG;UN;1,80;0;38,75
27166;PALMITOPICADOOURODOVALE1,8KG;UN;1,80;0;37,98
27168;PALMITO RODELAOURO DO VALE 1,8KG PUPUNHA;UN;1,80;0;46,99
34859;PEPININHO YGUARA 2KG;UN;2,00;0;28,63
27763;PICLESPORTOBELLO2KG;UN;2,00;0;29,59
34853;PICLES YGUARA 2KG;UN;2,00;0;29,19
28280;PIMENTA BIQUINHOPORTOBELLO 2KG;BD;2,00;0;51,59
34855;PIMENTA BIQUINHOYGUARA 2KG;BD;2,00;0;46,13
33121;SELETA LEGUMESC/MILHO 1,7KG BONARE;UN;1,70;0;26,99
26788;TOMATE SECO1.4KG PORTOBELLO;UN;1,40;0;43,00
34857;TOMATE SECO1.4KG YGUARA;UN;1,40;0;26,99
26516;GORDURA VEGETAL ZT COAMO FRY 400 14,5 KG;BD;14,50;0;166,99
26501;MARGARINA ZT COAMO 50% C/S14,5KG;BD;14,50;0;120,99
26497;MARGARINAZTCOAMO80% C/S14,5KG;BD;14,50;0;158,19
26499;MARGARINA ZT COAMO 80% S/S 14,5KG;BD;14,50;0;158,60
26731;OLEO ALGODAOELOGIATA BD 14,5KG;BD;14,50;0;187,99
36028;OLEOALGODAOELOGIATAGL5,1L;BD;5,10;0;55,99
26547;OLEO DE ALGODAOLIZA BD 14,5KG;UN;14,50;0;199,99
36774;OLEO DE CANOLALIZA 0,900ML;UN;0,90;0;14,49
36776;OLEO DE GIRASSOL LIZA0,900ML;UN;0,90;0;13,99
36778;OLEO DE MILHOLIZA 0,900ML;UN;0,90;0;13,99
32226;OLEODESOJABREJEIRO18LT;CX;18,00;0;176,69
26565;OLEO DE SOJA COAMO20 X 0,900ML;CX;18,00;0;155,99
26811;AZEITE DE OLIVACOCINERO EXTRA VIRGEM 500ML;UN;0,50;0;24,19
26609;AZEITE DE OLIVAEXTRA VIRGEMGALLO LATA 200ML;UN;0,20;0;13,19
26812;AZEITEDEOLIVAEXTRAVIRGEMBORGES500ML;UN;0,50;0;24,99
28124;AZEITEDEOLIVA EXTRA VIRGEM GALLO RESERVA 500ML;UN;0,50;0;35,49
30233;AZEITEDEOLIVA EXTRA VIRGEM LATA 500ML GALLO;UN;0,50;0;27,59
35312;AZEITEDEOLIVA EXTRA VIRGEM 2LTSBORGES;UN;2,00;0;87,99
36453;AZEITEDEOLIVA EXTRA VIRGEM 5LTSESPANHOL DON R;UN;5,00;0;240,65
27566;AZEITEDEOLIVAEXTRAVIRGEM5LTSFILIPPO;UN;5,00;0;274,99
30176;AZEITEDEOLIVA EXTRA VIRGEM 5LTSGALLO;UN;5,00;0;314,99
29512;AZEITEDEOLIVA EXTRA VIRGEM 500ML CASTELO;UN;0,50;0;39,49
26595;AZEITEDEOLIVAEXTRAVIRGEM500MLGALLO;UN;0,50;0;28,39
32610;AZEITEDEOLIVA TIPO UNICO GALAO 2LTSGALLO;UN;2,00;0;105,39
26813;AZEITEDEOLIVA TIPO UNICO LATA 500MLGALLO;UN;0,50;0;26,40
26343;AZEITEDEOLIVA TIPO UNICO 500ML GALLO;UN;0,50;0;24,61
26524;AZEITEDENDE 900ML CEPERA;UN;0,90;0;28,29
32598;AZEITEEXVIRGEMFILIPPOBERIO500ML;UN;0,50;0;25,99
34261;AZEITEEXTRA VIRGEMSABOR MANJERICAO250ML GALL;UN;0,50;0;32,99
29287;OLEO COMPOSTO MARIA TRAD 2L;UN;2,00;0;39,99
29733;OLEO COMPOSTO 500ML MARIATRAD;UN;0,50;0;13,99
26732;OLEOCOMPOSTO500MLVISEU;UN;0,50;0;8,99
34111;OLEO DE OLIVA CEBOLA E ALHO 500ML GALLO;UN;0,50;0;14,99
34265;OLEO DE OLIVA TRADICIONAL500ML GALLO;UN;0,50;0;14,99
26581;ACAFRAO1KG PQ;UN;1,00;0;11,49
26805;ALHOFRITOPORTOBELLO1KG;UN;1,00;0;26,39
32026;ALHO TRITURADO 1.02KGPORTOBELLO;BD;1,02;0;12,60
26589;ALHO TRITURADO 3KGPORTOBELLO;BD;3,00;0;33,49
26452;AMACIANTE DE CARNEPCT QUALIMAX1KG;UN;1,01;0;18,99
26369;AMACIANTE DE CARNEPCT TECNURTI 1KG;UN;1,01;0;8,59
27605;CALDO DE CARNE PCT1KG QUALIMAX;UN;1,01;0;12,85
26481;CALDO DE CARNE PCT1,01KG KNORR;UN;1,01;0;18,89
26427;CALDODECARNEPCT1,01KGTECNUTRI;UN;1,01;0;7,49
26370;CALDO DE GALINHA PCT1KG QUALIMAX;UN;1,01;0;12,85
26571;CALDO DE GALINHA PCT1,01KG TECNUTRI;UN;1,01;0;7,59
26848;CALDO DE GALINHA PCT1,1KG SAZON;UN;1,10;0;20,29
32622;CALDO DE LEGUMESPCT TECNUTRI 1KG;UN;1,01;0;9,09
30146;CALDODELEGUMESPCT1KGQUALIMAX;UN;1,01;0;12,99
26851;CALDO DEL MAR PCT 1KGKNORR;UN;1,00;0;19,19
32623;CANELAEM PO 1KGPQ;UN;1,00;0;18,89
32862;CHIMICHURRIARGENTINO500GRPQ;UN;0,50;0;24,25
26861;COLORAU 1KG KISABOR;UN;1,00;0;9,82
31324;COLORAU 1KG PQ;UN;1,00;0;8,45
28298;CREME DE CEBOLA1KG QUALIMAX;UN;1,00;0;31,66
26572;CREME DE CEBOLA1,01KG TECNUTRI;UN;1,01;0;16,29
32401;MEUTEMPEROCEBOLAEALHOPCT1,01KGKNNOR;UN;1,01;0;34,24
34998;MILANESA PANKO TEMPERADA TECNUTRI;UN;0,80;0;15,15
32799;MISTURA PARA MILANESA TECNUTRI;UN;0,80;0;11,19
36710;MOLHOALHOCREMTRAD215MLMENDEZ;UN;0,21;0;9,49
36712;MOLHOALHO DEF TRAD 215ML MENDEZ;UN;0,21;0;9,49
36802;MOLHOBARBECUEBOM SABOR BAG 1,1KG;UN;1,10;0;16,10
28341;MOLHOBARBECUE3,5KG CEPERA;UN;3,50;0;36,78
26717;MOLHOBARBECUE1,01KG CEPERA;UN;1,10;0;14,56
29210;MOLHODEALHO1,01KGCEPERA;UN;1,01;0;12,89
36694;MOLHODEPIMENTA CREMDEFUMADO CHIPOMENDEZ 8;UN;0,08;0;11,29
36696;MOLHODEPIMENTA CREMOSO TRAD MENDEZ 215 ML;UN;0,21;0;14,89
36747;MOLHODEPIMENTASACHE200X3GBOMSABOR;UN;0,60;0;24,80
29213;MOLHODEPIMENTA VERMELHA1,01KG CEPERA;UN;1,01;0;10,39
32213;MOLHODEPIMENTA VERMELHA150ML CEPERA;UN;0,15;0;3,93
35252;MOLHODEPIMENTA VERMELHA154X5G CEPERA;UN;0,88;0;20,55
28587;MOLHOINGLES 1,01KG CEPERA;UN;1,00;0;7,99
28622;MOLHOITALIANOSACHE200X10GRBOMSABOR;CX;2,10;0;66,50
37089;MOLHOMADEIRA1,1KGQUALIMAX;UN;1,10;0;54,59
26722;MOLHOP/ SALADA CAESAR 234MLLIZA;UN;0,23;0;499,00
29549;MOLHOP/SALADACAESAR236MLCASTELO;UN;0,23;0;7,60
28235;MOLHOP/ SALADA CASEIRO234ML LIZA;UN;0,23;0;8,19
26397;MOLHOP/ SALADA CASEIRO240ML KISABOR;UN;0,24;0;6,19
26723;MOLHOP/ SALADA LIMAO 234MLLIZA;UN;0,23;0;8,19
29547;MOLHOP/ SALADA MOSTARDA C/MEL236ML CASTELO;UN;0,24;0;7,55
29543;MOLHOP/SALADAPARMESAO236MLCASTELO;UN;0,24;0;7,43
26399;MOLHOP/ SALADA PARMESAO 240MLKISABOR;UN;0,24;0;6,19
28236;MOLHOP/ SALADA QUEIJOS 234ML LIZA;UN;0,23;0;8,29
32929;MOLHOPESTOCLASSICOFILIPPOBERIO6X190;CX;2,00;0;25,99
36702;MOLHOPIMENTA CREMDEF CHIPOMENDEZ 490 ML;UN;0,49;0;26,29
36698;MOLHOPIMENTA CREMDEF CHIPOTLE MENDEZ215 ML;UN;0,21;0;14,89
36700;MOLHOPIMENTA CREMTRAD MENDEZ 490ML;UN;0,49;0;26,29
36692;MOLHOPIMENTA CREMOSO TRAD 80ML 12X1MENDEZ;UN;0,80;0;11,29
36704;MOLHOPIMENTAHABANEIROTRAD60MLMENDEZ;UN;0,06;0;9,29
36674;MOLHOPIMENTA JALAPENO 12X50 MLGALLO;UN;0,05;0;12,69
36708;MOLHOPIMENTA RED PEPPER TRAD 80ML MENDEZ;UN;0,08;0;9,69
36706;MOLHOPIMENTAREFPEPPERTRAD215MLMENDEZ;UN;0,21;0;11,59
29535;MOLHOP/SALADABALSAMICO 236MLCASTELO;UN;0,24;0;7,31
29537;MOLHOP/SALADACASEIRO 236ML CASTELO;UN;0,24;0;7,48
33311;MOLHOP/SALADAERVAS FINAS236ML CASTELO;UN;0,24;0;7,55
29533;MOLHOP/SALADAITALIANO 236ML CASTELO;UN;0,24;0;7,41
29539;MOLHOP/SALADALIMAO 236ML CASTELO;UN;0,24;0;7,44
26418;MOLHOP/SALADALIMAO 240ML KISABOR;UN;0,24;0;6,19
28237;MOLHOP/SALADAROSE 234ML LIZA;UN;0,23;0;8,19
29541;MOLHOP/SALADAROSE236MLCASTELO;UN;0,24;0;7,36
26414;MOLHOP/SALADAROSE 240ML KISABOR;UN;0,24;0;6,19
31124;MOLHOSHOYO 1,01KG CEPERA;UN;1,00;0;12,49
26727;MOLHOSHOYO1,01KGKISABOR;UN;1,00;0;9,00
33170;MOLHOTARTARO TOPDOWN CASTELO;UN;0,24;0;8,34
36714;MOSTARDA TRAD190G MENDEZ;UN;0,19;0;7,29
30150;OREGANO 200GRS QUALIMAX;UN;0,20;0;13,35
26533;OREGANO 250GRS PQ;UN;0,25;0;14,19
27170;PIMENTAC/AZEITETIPOUNICO50MLGALLO;UN;0,05;0;12,69
26747;PIMENTA DO REINOEM PO 1KGPQ;UN;1,00;0;12,99
34636;PIMENTA EXTRA FORTE C/AZEITE 50ML GALLO;UN;0,05;0;14,19
36623;PUREDEBATATAFAZMAX800G;UN;0,80;0;29,06
26480;PURE DE BATATA 1,01KG KNORR;UN;1,01;0;54,99
26573;PURE DE BATATA 800GR TECNUTRI;UN;0,80;0;26,39
27172;PURE DE BATATA 800GRS QUALIMAX;UN;0,80;0;37,99
26505;SAZON ALHO900GRS;UN;0,90;0;40,69
27175;SAZONAMARELO900GRSLEGUMESEARROZ;UN;0,90;0;40,69
26507;SAZON VERDE AVES900GRS;UN;0,90;0;40,69
26506;SAZON VERMELHO CARNES 900GRS;UN;0,90;0;40,69
29555;TEMPEROALHOESAL 1KGCASTELO;UN;1,10;0;10,76
29551;TEMPERO COMPLETO C/PIMENTA 1KG CASTELO;UN;1,10;0;10,49
29553;TEMPERO COMPLETO S/PIMENTA 1 KG CASTELO;UN;1,10;0;10,09
29527;VINAGRE ALCOOL COLORIDO VITALIA4%12 X 750ML;CX;9,00;0;26,31
29525;VINAGRE ALCOOL FORTALEZA SW 4% 12X 750ML;CX;9,00;0;21,46
29529;VINAGRE ALCOOLVITALIA4%12X750ML;CX;9,00;0;21,79
33678;VINAGRE DE ALCOOL COMPOSTOLIMAO 4% 12X 750MLC;CX;9,00;0;69,75
29517;VINAGRE ALCOOL 12X 750ML CASTELO;CX;9,00;0;35,23
29519;VINAGRE ALCOOLCOLORIDO 12X 750MLCASTELO;CX;9,00;0;41,99
33162;VINAGRE BALSAMICO CREMOSO 230ML CASTELO;UN;0,24;0;20,46
29559;VINAGRE DE FRUTAMACA 12 X 750ML CASTELO;CX;9,00;0;106,95
29753;VINAGRE DE VINHO TINTO 12 X750ML CASTELO;CX;9,00;0;95,93
26794;VINAGRESACHE200 X4MLBOMSABOR;CX;0,80;0;29,39
30899;VINAGRE VINHO BRANCO 12X750ML CASTELO;UN;9,00;0;99,95
26806;AMIDO DE MILHO 1KG PQ;UN;1,00;0;6,40
28143;AMIDO DE MILHO 1,8KG MAIZENA;UN;1,80;0;36,23
28144;AMIDO DE MILHO 500GR PQ;UN;0,50;0;3,49
35131;COUSCOUS DON RAVELLO 500GR;UN;0,50;0;16,99
26561;FARINHADEMANDIOCACRUAFINA1KGKISABOR;UN;1,00;0;7,99
26564;FARINHA DE MANDIOCA CRUA FINA 1KG PQ;UN;1,00;0;9,19
26562;FARINHA DE MANDIOCA GROSSA 1KGKISABOR;UN;1,00;0;8,49
26523;FARINHADEMANDIOCAGROSSA1KGPQ;UN;1,00;0;9,39
26560;FARINHA DE MILHOAMARELA 1KGKISABOR;UN;1,00;0;11,14
27038;FARINHA DE MILHOAMARELA 1KGPQ;UN;1,00;0;8,25
26531;FARINHA DE ROSCA 1KGPQ;UN;1,00;0;10,71
34804;FARINHA DE ROSCA 10KG FIOCCOPAN ZINI;UN;10,00;0;151,99
26570;FARINHAPANKO1KGROMARIZ;UN;1,00;0;15,99
37165;FARINHA PANKO1KG TECNUTRI;UN;1,00;0;17,05
32903;FAROFAPRONTA 400GRS KISABOR;UN;0,40;0;4,59
26559;FUBA MIMOSO1KG KISABOR;UN;1,10;0;5,53
26525;FUBA MIMOSO1KG PQ;UN;1,00;0;4,79
32274;TRIGOPARA KIBE 5KGROMARIZ;UN;5,00;0;32,99
26492;CREME CULINARIODAUS 1KG;UN;1,00;0;10,23
35847;CREMECULINARIOSUPERMIX1KG;UN;1,00;0;8,52
26864;CREME DE LEITE CULINARIO LECO 1 LITRO;UN;1,00;0;14,09
32388;CREME DE LEITE PIRACANJUBA1,03L;UN;1,00;0;13,99
32389;CREMEDELEITE24X200MLITALAC;UN;10,67;0;58,89
32739;CREME DE LEITE 27X200ML PIRACANJUBA;UN;5,40;0;85,89
26435;LEITE CONDENSADO 2,5KG ITALACSEMI DESNATADO;UN;2,50;0;39,99
29602;LEITE CONDENSADO 27 X395G SEMI DESNATADO ITALAC;UN;10,67;0;159,99
36107;LEITE CONDENSADO 27X395GRPIRACANJUBA SEMIDESN;UN;10,67;0;173,92
28364;LEITECONDENSADO5KGITALACSEMIDESNATADO;UN;5,00;0;74,99
28925;LEITE DESNATADO ITALAC 12 X1L;CX;12,00;0;73,99
34967;LEITE DESNATADO PIRACANJUBA12X1;CX;12,00;0;77,99
32741;LEITEEMPOPIRACANJUBA1KG;UN;1,00;0;39,99
29442;LEITE EM PO 1KG ITALAC;UN;1,00;0;40,19
26411;LEITE INTEGRAL ITALAC 12X 1L;CX;12,00;0;72,99
28880;LEITE INTEGRAL JUSSARA 12 X 1L;CX;12,00;0;72,49
29357;LEITE INTEGRAL TIROL 12 X1L;CX;12,00;0;70,99
27034;EXTRATO DE TOMATE BONARE SACHE 1,7KG;UN;1,70;0;13,49
27037;EXTRATODETOMATEELEFANTELT4,08KG;UN;4,08;0;64,49
30169;EXTRATO DE TOMATE ELEFANTE 1,04KG;UN;1,04;0;499,00
33415;EXTRATO DE TOMATE ELEFANTE 1.7KG;UN;1,70;0;25,96
37260;EXTRATODETOMATE32X240HEINZ;CX;7,68;0;138,99
26719;MOLHOBRANCO BECHAMEL1,1KG KNORR;UN;1,10;0;53,99
26563;MOLHOPIZZA BONARE1.7KG;UN;1,70;0;10,49
26519;MOLHOPRONTO BONARE 1,7KG;UN;1,70;0;11,19
35188;MOLHOPRONTO DESIDRATADO1,01KG QUALIMAX;UN;1,01;0;50,49
30455;MOLHOPRONTOPOMAROLA1.06KG;UN;1,06;0;7,99
32851;MOLHOPRONTO POMAROLA 1,7KG;UN;2,00;0;11,99
33413;MOLHOPRONTO TARANTELLAPIZZA 1.7KG;UN;1,06;0;499,00
30453;MOLHOPRONTO TARANTELLA1.06KG;UN;1,06;0;6,19
33152;MOLHOPRONTO TARANTELLA1.7KG;UN;1,70;0;9,79
34043;MOLHOPRONTO TRAD KNORR 1,5KG;UN;1,52;0;12,58
28241;MOLHOPRONTOTRADQUERO2KG;UN;2,00;0;9,99
32403;PREPAROPARA MILANESAPCT 800 GR KNORR;UN;0,80;0;40,74
26474;TOMATE PELADO 2,55KGDON RAVELLO;UN;2,55;0;33,89
33151;TOMATEPELADO2,55KGOLE;UN;2,55;0;26,99
32849;TOMATE TRITURADOPOMAROLA 1,7KG;UN;2,00;0;499,00
33126;JERKED BEEFDIANTEIRO2X5APETITO 10KG;KG;10,00;0;43,99
26409;JERKED BEEFDIANTEIRO2X5KG REAL SABOR;KG;10,00;0;43,99
33129;JERKED BEEFTRASEIRO 2X5 APETITO 10KG;KG;10,00;0;45,49
26410;JERKED BEEFTRASEIRO 2X5KG REAL SABOR;KG;10,00;0;48,49
26582;ACHOCOLATADO EMPO1KG TECNUTRI;UN;1,00;0;10,79
35303;AROMADEBAUNILHA480MLCEPERA;BD;0,48;0;16,89
32334;CHOCOLATEEM PO 1 KG 50%TECNUTRI;UN;1,01;0;30,79
32913;CHOCOLATEEM PO 1KG32% SOLUVEL QUALIMAX;UN;1,00;0;41,75
30152;CHOCOLATEEMPO1KG50%QUALIMAX;UN;1,01;0;50,89
26460;CURAU COM LEITE 1KG TECNUTRI;UN;1,00;0;11,89
28215;GELATINA FRAMBOESA 1KGQUALIMAX;UN;1,00;0;18,15
26430;GELATINA FRAMBOESA 1KGTECNUTRI;UN;1,00;0;12,39
28214;GELATINAABACAXI 1KG QUALIMAX;UN;1,00;0;18,15
26429;GELATINAABACAXI1KGTECNUTRI;UN;1,00;0;12,39
36766;GELATINACEREJA1KG QUALIMAX;UN;1,00;0;18,15
28218;GELATINALIMAO 1KGQUALIMAX;UN;1,00;0;18,15
26433;GELATINALIMAO1KGTECNUTRI;UN;1,00;0;12,39
28219;GELATINAMORANGO 1KGQUALIMAX;UN;1,00;0;18,15
26454;GELATINAMORANGO 1KGTECNUTRI;UN;1,00;0;12,39
30144;GELATINAPESSEGO1KG QUALIMAX;UN;1,00;0;18,15
30583;GELATINASEMSABOR 510G QUALIMAX;UN;0,50;0;70,59
32935;GELATINAUVAZEROACUCAR48X12GTECNUTRI;CX;5,76;0;62,44
28221;GELATINAUVA 1KG QUALIMAX;UN;1,00;0;18,15
26456;GELATINAUVA 1KG TECNUTRI;UN;1,00;0;12,39
36071;MOUSSE CHOCOLATE BRANCO 500GRTECNUTRI;UN;0,50;0;22,90
26728;MOUSSE CHOCOLATE 500GR TECNUTRI;UN;0,50;0;32,11
28244;MOUSSE CHOCOLATE 510GR QUALIMAX;UN;0,51;0;30,19
32747;MOUSSELIMAO500GRTECNUTRI;UN;0,50;0;19,49
32749;MOUSSE MARACUJA 500GR TECNUTRI;UN;0,50;0;19,49
32745;MOUSSE MORANGO 500GR TECNUTRI;UN;0,50;0;19,49
27048;NUTELLA3KG;BD;3,10;0;195,99
28247;PROTEINA TEXTUDESOJA CLARA SACHE 500GR;UN;1,00;0;9,39
28791;PUDIM BAUNILHA 1KG QUALIMAX;UN;1,00;0;18,25
26749;PUDIM BAUNILHA 1KG TECNUTRI;UN;1,00;0;11,46
29988;PUDIM CHOCOLATE S/L 1KG TECNUTRI;UN;1,00;0;10,70
30142;PUDIMCHOCOLATE1KGQUALIMAX;UN;1,00;0;18,25
26750;PUDIM CHOCOLATE 1KG TECNUTRI;UN;1,00;0;13,35
29938;PUDIM COCO S/L 1KG TECNUTRI;UN;1,00;0;9,43
32864;PUDIMCOCO1KGQUALIMAX;UN;1,00;0;18,25
28789;PUDIM COCO 1KG TECNUTRI;UN;1,00;0;11,55
36226;PUDIM MORANGO S/LEITE1KG TECNUTRI;UN;1,00;0;9,43
32619;PUDIM MORANGO 1KG QUALIMAX;UN;1,00;0;18,25
26755;PUDIM MORANGO 1KG TECNUTRI;UN;1,00;0;12,01
36796;KETCHUPBOM SABOR BAG 1,1KG;UN;1,10;0;14,59
31520;KETCHUPFRASCO1,01KGCEPERA;UN;1,03;0;11,01
28223;KETCHUPHEINZBAG 2KG;UN;2,00;0;32,99
32165;KETCHUPSACHE 144X 7 G HEINZ;CX;1,23;0;20,99
32278;KETCHUPSACHE144X7GELEFANTE;CX;1,23;0;17,99
32892;KETCHUPSACHE 154X 7GR CEPERA;CX;1,23;0;17,49
26477;KETCHUPSACHE 168X7GHELLMANNS;CX;1,18;0;22,52
28306;KETCHUPSQUEEZEHEINZ 397G;UN;0,40;0;10,99
37250;KETCHUPZERO HEINZ 373G;UN;0,37;0;4,99
26512;KETCHUP3,5KGCEPERA;UN;3,50;0;29,59
29208;KETCHUP5,5KGCEPERA;UN;5,50;0;44,99
26712;MAIONESE CASEIRALIZA 2,7KG;UN;2,70;0;31,19
36798;MAIONESEGRILLBOMSABOR BAG1,1KG;UN;1,10;0;24,99
26344;MAIONESE HELLMANS BAG 2,8KG;UN;2,80;0;49,99
26475;MAIONESE HELLMANS BD 3KG;BD;3,00;0;58,90
26713;MAIONESE MARIANA 3KG;BD;3,00;0;24,99
33640;MAIONESE QUERO BAG 2,7KG;UN;2,70;0;17,99
28228;MAIONESEQUEROBD3KG;BD;3,00;0;24,49
34897;MAIONESE SACHE140X7G CEPERA;CX;0,98;0;20,59
32167;MAIONESE SACHE144 X7GHEINZ;CX;1,01;0;21,99
28230;MAIONESESQUEEZEHEINZ390G;UN;0,39;0;10,99
28232;MAIONESE VIGOR 1KG BAG;BD;1,00;0;12,29
28584;MAIONESE VIGOR 2,8KG;UN;2,80;0;32,69
26345;MOSTARDA HELLMANNS SACHE168X7G;CX;1,18;0;22,99
32163;MOSTARDA SACHE 144 X 5 GRHEINZ;CX;0,88;0;20,99
32276;MOSTARDASACHE144X7GELEFANTE;CX;1,23;0;17,69
26494;MOSTARDA 3.3 KG CEPERA;UN;3,30;0;27,19
31788;GELEIA BLISTER DIET MORANGO/GOIABA 144X 10GR -IS;CX;1,44;0;53,55
31790;GELEIA BLISTER MORANGO/GOIABA 144X 10GR -ISIS;CX;1,44;0;38,93
32614;MELBLISTERSILVESTRE144X15GRISIS;CX;2,16;0;77,02
32363;MEL SILVESTRE 1KG ISIS;CX;1,00;0;53,58
32365;MEL SILVESTRE 260GISIS;CX;0,26;0;19,60
26741;PALITO SACHE 2000UNBOM SABOR;CX;1,00;0;31,49
32161;PAO DE FORMA INTEGRALVISCONTI10X400G;CX;4,00;0;59,99
32160;PAO DE FORMA TRADICIONAL VISCONTI 10X400G;CX;4,00;0;54,99
36970;BACON PEDAÇOSFRIELLA;KG;21,00;0;26,25
35437;BACON COZIDO EMCUBOS 1 KG SULMONTTI;UN;1,00;0;21,99
35435;BACONCOZIDOFATIADOSULMONTTI1KG;UN;1,00;0;28,99
30348;BACON EM CUBOS 1KG FRIELLA CONG;UN;1,00;0;21,99
27272;BACON MANTA ADEEL;KG;20,00;0;27,13
35497;BACONMANTAFRIELLA;KG;27,00;0;27,50
37081;BACON PALETA COZ FATIADO SABOR MINEIRO;UN;1,00;0;26,50
27288;BACON PALETA DALIA;KG;17,00;0;19,38
33817;BACON PALETA FRIELLA;KG;14,50;0;23,99
26577;OVOS DE CODORNA APETITO 900GR;UN;0,90;0;24,99
26892;LINGUICACALAB DEFUMADA SAOLUIZ 15KG;KG;15,00;0;16,49
33345;LINGUICACALABRESA AURORA PCT5KGS;KG;5,00;0;24,49
26899;LINGUICACALABRESAAURORA25KG;KG;25,00;0;20,49
28837;LINGUICACALABRESA CURVA DEFUMADA FRIELLA10 KG;KG;10,00;0;18,49
28838;LINGUICACALABRESA RETADEFUMADA FRIELLA 10 KG;KG;10,00;0;18,49
30162;LINGUICACALABRESASADIA20KG;KG;20,00;0;19,99
26897;LINGUICACALABRESA SEARA 15KG RETA;KG;15,00;0;22,89
35717;SALGADOCOSTELAPONTA 5550 REFFINATO;KG;10,00;0;17,99
27230;SALGADOCOSTELASERRADA 5515 REFFINATO;KG;10,00;0;28,99
32438;SALGADOKITFEIJOADA3697 SEARA 10X1 10KG;KG;10,00;0;20,00
31044;SALGADOKITP/ FEIJOADA SAUDALI 10KG;KG;10,00;0;20,00
29638;SALGADOKITP/FEIJOADAREFFINATO10KG;KG;10,00;0;22,38
29614;SALGADOLINGUAREFFINATO 10KG;KG;10,00;0;12,49
29616;SALGADOLOMBOREFFINATO 10KG;KG;10,00;0;28,99
29789;SALGADOORELHAREFFINATO10KG;KG;10,00;0;11,99
29921;SALGADOPE SEARA10KG;KG;10,00;0;10,99
36216;SALGADORABO AURORA;KG;11,00;0;18,99
30036;SALGADORABO SEARA10KG;KG;10,00;0;19,99
32377;BROWNIE S/NOZES 20X70GR;CX;1,40;0;108,99
32196;PETIT GATEAU CHOC.VAREJO18X240G (4X60G)MR BEY;CX;4,32;0;448,69
36932;PETITGATEAUCHOCOLATECANDY24X100G;CX;2,40;0;119,76
31800;PETIT GATEAU CHOCOLATE MR BEY 24X100G;CX;2,40;0;499,00
32858;PUDIM DE LEITE 12X80GR MR BEY;CX;0,90;0;52,99
32416;TORTAHOLANDESA12X70GMRBEY;CX;0,84;0;97,90
32910;VINHOBRANCO SECO 4LTFOODVILA ROMANA;UN;4,00;0;40,16
32912;VINHOTINHO SECO4LT FOOD VILA ROMANA;UN;4,00;0;41,59
26583;ACHOCOLATADO EMPO1KG ITALAC;UN;1,00;0;13,99
29768;NESCAU NESTLE 2KG;UN;2,00;0;47,69
28249;REFRESCOABACAXI 1KG QUALIMAX;UN;1,00;0;9,89
26553;REFRESCOABACAXI1KGTECNUTRI;UN;1,00;0;12,99
36770;REFRESCOACAIC/GUARANA 1KG QUALIMAX;UN;1,00;0;9,89
30138;REFRESCOCAJU 1KG QUALIMAX;UN;1,00;0;9,89
30134;REFRESCOGOIABA1KGQUALIMAX;UN;1,00;0;9,89
29607;REFRESCOGOIABA 1KG TECNUTRI;UN;1,00;0;12,99
36772;REFRESCOGUARANA 1KG QUALIMAX;UN;1,00;0;9,89
28810;REFRESCOLARANJA E ACEROLA1KG QUALIMAX;UN;1,00;0;9,89
28250;REFRESCOLARANJA 1KG QUALIMAX;UN;1,00;0;9,89
26462;REFRESCOLARANJA1KGTECNUTRI;UN;1,00;0;12,99
30136;REFRESCOLIMAO 1KGQUALIMAX;UN;1,00;0;9,89
35889;REFRESCOLIMAO 1KGTECNUTRI;UN;1,00;0;12,99
28251;REFRESCOMARACUJA1KGQUALIMAX;UN;1,00;0;9,89
26464;REFRESCOMARACUJA 1KGTECNUTRI;UN;1,00;0;12,99
26466;REFRESCOMORANGO 1KGTECNUTRI;UN;1,00;0;12,99
30132;REFRESCOPESSEGO1KG QUALIMAX;UN;1,00;0;9,89
36768;REFRESCOSALA DE FRUTA 1KG QUALIMAX;UN;1,00;0;9,89
30140;REFRESCOTANGERINA1KGQUALIMAX;UN;1,00;0;9,89
26757;REFRESCOUVA 1KG QUALIMAX;UN;1,00;0;9,89
26467;REFRESCOUVA 1KG TECNUTRI;UN;1,00;0;12,99
33025;CONCENTRADO LIQ P/REF ABACAXI500ML MAGUARY;UN;0,50;0;8,93
33015;CONCENTRADOLIQP/REFGOIABADAFRUTA500MLMAG;UN;0,50;0;6,67
33032;CONCENTRADO LIQ P/REF MANGA 500ML MAGUARY;UN;0,50;0;7,26
33011;CONCENTRADO LIQ P/REF MARACUJA DAFRUTA 500ML M;UN;0,50;0;8,05
33023;CONCENTRADO LIQ P/REF MARACUJA 500MLMAGUARY;UN;0,50;0;6,80
33019;CONCENTRADO LIQ P/REF UVADAFRUTA 500ML MAGUAR;UN;0,50;0;6,67
33034;CONCENTRADOLIQP/REFUVA500MLMAGUARY;UN;0,50;0;7,22
33036;MAGUARY NECTAR ABACAXI1LT;UN;1,00;0;5,13
33040;MAGUARY NECTAR GOIABA1LT;UN;1,00;0;5,03
33046;MAGUARY NECTAR UVA1LT;UN;1,00;0;5,53
33038;MAGUARY NECTARCAJU 1LT;UN;1,00;0;5,01
32987;MAGUARY NECTARCAJU 27/200ML DA FRUTA;CX;5,40;0;37,42
33042;MAGUARYNECTARLARANJA1LT;UN;1,00;0;5,53
32997;MAGUARY NECTARLARANJA 27/200ML;CX;5,40;0;42,52
33051;MAGUARY NECTARMACA1LT;UN;1,00;0;5,01
33003;MAGUARYNECTARMACA27/200ML;CX;5,40;0;40,02
33005;MAGUARY NECTARMARACUJA 27/200ML;CX;5,40;0;42,52
33044;MAGUARY NECTARMARACUJA 1LT;UN;1,00;0;5,12
33007;MAGUARY NECTARMORANGO 27/200ML;CX;5,40;0;42,38
33048;MAGUARY NECTARMORANGO 1LT;UN;1,00;0;4,96
33001;MAGUARYNECTARUVA27/200ML;CX;5,40;0;39,12
27080;BARRACHOCOLATEAOLEITE2,1KGGENUINE;UN;2,10;0;137,49
27081;BARRA CHOCOLATE BLEND2,1KG GENUINE;UN;2,10;0;126,89
27082;BARRA CHOCOLATE BRANCO 2,1KGGENUINE;UN;1,00;0;165,26
27083;BARRACHOCOLATEMEIOAMARGO2,1KGGENUINE;UN;2,10;0;140,83
32647;CHOCOLATEAOLEITE BARRAMELKEN HARALD2,100KG;UN;2,10;0;175,89
29884;CHOCOLATEAOLEITE EM MOEDAS 2,05 KG GENUINE;UN;2,05;0;134,44
31171;CHOCOLATEBRANCO EMMOEDAS 2,05 KG GENUINE;UN;2,05;0;162,69
32373;CHOCOLATEFORNEAVEL BRANCO 1,005KG DOLCISCALA;UN;1,05;0;28,99
32375;CHOCOLATEFORNEAVELCREMEDEAVELA1,005KGDOL;UN;1,05;0;37,99
36119;COBERTURABARRA MEIOAMARGO500G HARALD;UN;0,50;0;18,48
36117;COBERTURAPISTACHE TOP1,01KG HARALD;UN;1,01;0;51,85
27119;CREMECHANTYMIXAMELIA1L;UN;1,00;0;20,32
32646;RECHEIO FORNEAVEL BRANCO CONFEITEIRO HARALD 1;UN;1,05;0;39,73
36344;RECHEIO COB LEITINHO MELKEN 8X1,010 KG;UN;1,01;0;38,51
36121;RECHEIO FORNEAVEL AVELA 2,01KGHARALD;UN;2,01;0;88,34
